timestamp,event,endpoint,latency_ms,status
2025-12-01T15:43:33Z,API_RESPONSE,/api/products,170,503
2025-12-01T15:43:38Z,API_RESPONSE,/api/cart,986,503
2025-12-01T15:44:14Z,API_RESPONSE,/api/login,1499,200
2025-12-01T15:44:35Z,API_RESPONSE,/api/products,114,500
2025-12-01T15:45:00Z,API_RESPONSE,/api/products,405,200
2025-12-01T15:45:14Z,API_RESPONSE,/api/cart,443,200
2025-12-01T15:45:49Z,API_RESPONSE,/api/orders,1323,200
2025-12-01T15:45:58Z,API_RESPONSE,/api/cart,248,200
2025-12-01T15:46:29Z,API_RESPONSE,/api/products,659,500
2025-12-01T15:46:59Z,API_RESPONSE,/api/products,450,503
2025-12-01T15:47:06Z,API_RESPONSE,/api/products,624,200
2025-12-01T15:47:24Z,API_RESPONSE,/api/orders,650,500
2025-12-01T15:47:52Z,API_RESPONSE,/api/cart,1288,200
2025-12-01T15:48:12Z,API_RESPONSE,/api/orders,331,200
2025-12-01T15:48:34Z,API_RESPONSE,/api/orders,312,503
2025-12-01T15:48:51Z,API_RESPONSE,/api/login,602,200
2025-12-01T15:49:13Z,API_RESPONSE,/api/orders,1317,200
2025-12-01T15:49:24Z,API_RESPONSE,/api/orders,1154,200
2025-12-01T15:50:04Z,API_RESPONSE,/api/products,1326,200
2025-12-01T15:50:33Z,API_RESPONSE,/api/login,1236,200
2025-12-01T15:50:43Z,API_RESPONSE,/api/login,106,500
2025-12-01T15:51:02Z,API_RESPONSE,/api/orders,477,200
2025-12-01T15:51:16Z,API_RESPONSE,/api/cart,1437,200
2025-12-01T15:51:48Z,API_RESPONSE,/api/products,1440,500
2025-12-01T15:52:06Z,API_RESPONSE,/api/orders,1324,200
2025-12-01T15:52:42Z,API_RESPONSE,/api/orders,666,200
2025-12-01T15:53:11Z,API_RESPONSE,/api/orders,1228,200
2025-12-01T15:53:16Z,API_RESPONSE,/api/cart,151,500
2025-12-01T15:53:30Z,API_RESPONSE,/api/login,379,200
2025-12-01T15:53:42Z,API_RESPONSE,/api/login,553,503
2025-12-01T15:53:48Z,API_RESPONSE,/api/orders,358,200
2025-12-01T15:54:07Z,API_RESPONSE,/api/cart,99,500
2025-12-01T15:54:14Z,API_RESPONSE,/api/orders,351,200
2025-12-01T15:54:41Z,API_RESPONSE,/api/login,772,200
2025-12-01T15:55:01Z,API_RESPONSE,/api/cart,817,200
2025-12-01T15:55:17Z,API_RESPONSE,/api/cart,214,200
2025-12-01T15:55:39Z,API_RESPONSE,/api/orders,308,200
2025-12-01T15:55:53Z,API_RESPONSE,/api/products,1259,200
2025-12-01T15:56:16Z,API_RESPONSE,/api/products,1450,200
2025-12-01T15:56:27Z,API_RESPONSE,/api/login,1003,200
2025-12-01T15:56:42Z,API_RESPONSE,/api/cart,162,503
2025-12-01T15:56:52Z,API_RESPONSE,/api/products,427,500
2025-12-01T15:57:05Z,API_RESPONSE,/api/orders,1130,500
2025-12-01T15:57:27Z,API_RESPONSE,/api/products,128,200
2025-12-01T15:57:33Z,API_RESPONSE,/api/cart,1291,200
2025-12-01T15:58:03Z,API_RESPONSE,/api/cart,1364,200
2025-12-01T15:58:40Z,API_RESPONSE,/api/products,1088,500
2025-12-01T15:59:18Z,API_RESPONSE,/api/cart,289,200
2025-12-01T15:59:51Z,API_RESPONSE,/api/cart,862,200
2025-12-01T16:00:10Z,API_RESPONSE,/api/login,1039,200
2025-12-01T16:00:34Z,API_RESPONSE,/api/orders,854,200
2025-12-01T16:01:03Z,API_RESPONSE,/api/products,899,503
2025-12-01T16:01:16Z,API_RESPONSE,/api/products,1323,200
2025-12-01T16:01:31Z,API_RESPONSE,/api/login,858,200
2025-12-01T16:01:48Z,API_RESPONSE,/api/login,1483,200
2025-12-01T16:02:14Z,API_RESPONSE,/api/cart,1021,200
2025-12-01T16:02:19Z,API_RESPONSE,/api/orders,676,200
2025-12-01T16:02:31Z,API_RESPONSE,/api/products,1322,200
2025-12-01T16:02:42Z,API_RESPONSE,/api/orders,54,200
2025-12-01T16:03:20Z,API_RESPONSE,/api/login,741,503
2025-12-01T16:03:50Z,API_RESPONSE,/api/products,853,500
2025-12-01T16:04:18Z,API_RESPONSE,/api/cart,1256,503
2025-12-01T16:04:26Z,API_RESPONSE,/api/orders,465,200
2025-12-01T16:04:34Z,API_RESPONSE,/api/login,341,503
2025-12-01T16:05:10Z,API_RESPONSE,/api/orders,277,500
2025-12-01T16:05:46Z,API_RESPONSE,/api/orders,1073,200
2025-12-01T16:06:25Z,API_RESPONSE,/api/cart,252,500
2025-12-01T16:06:46Z,API_RESPONSE,/api/orders,623,200
2025-12-01T16:06:57Z,API_RESPONSE,/api/login,1185,503
2025-12-01T16:07:27Z,API_RESPONSE,/api/cart,708,200
2025-12-01T16:07:32Z,API_RESPONSE,/api/login,1049,200
2025-12-01T16:07:45Z,API_RESPONSE,/api/login,378,200
2025-12-01T16:08:07Z,API_RESPONSE,/api/cart,643,503
2025-12-01T16:08:17Z,API_RESPONSE,/api/cart,1216,503
2025-12-01T16:08:31Z,API_RESPONSE,/api/cart,155,500
2025-12-01T16:09:02Z,API_RESPONSE,/api/login,685,200
2025-12-01T16:09:14Z,API_RESPONSE,/api/products,976,200
2025-12-01T16:09:29Z,API_RESPONSE,/api/login,965,503
2025-12-01T16:09:35Z,API_RESPONSE,/api/login,1179,200
2025-12-01T16:10:05Z,API_RESPONSE,/api/login,1170,200
2025-12-01T16:10:43Z,API_RESPONSE,/api/orders,555,200
2025-12-01T16:11:07Z,API_RESPONSE,/api/products,960,500
2025-12-01T16:11:45Z,API_RESPONSE,/api/orders,401,503
2025-12-01T16:12:12Z,API_RESPONSE,/api/orders,1262,500
2025-12-01T16:12:24Z,API_RESPONSE,/api/products,939,503
2025-12-01T16:13:02Z,API_RESPONSE,/api/cart,177,200
2025-12-01T16:13:14Z,API_RESPONSE,/api/orders,226,503
2025-12-01T16:13:50Z,API_RESPONSE,/api/orders,537,503
2025-12-01T16:14:01Z,API_RESPONSE,/api/login,205,200
2025-12-01T16:14:38Z,API_RESPONSE,/api/login,1053,200
2025-12-01T16:14:43Z,API_RESPONSE,/api/login,1186,200
2025-12-01T16:15:06Z,API_RESPONSE,/api/orders,1471,503
2025-12-01T16:15:16Z,API_RESPONSE,/api/orders,1379,200
2025-12-01T16:15:39Z,API_RESPONSE,/api/orders,527,503
2025-12-01T16:15:52Z,API_RESPONSE,/api/login,576,200
2025-12-01T16:16:06Z,API_RESPONSE,/api/products,1327,200
2025-12-01T16:16:41Z,API_RESPONSE,/api/products,224,200
2025-12-01T16:17:01Z,API_RESPONSE,/api/cart,177,500
2025-12-01T16:17:35Z,API_RESPONSE,/api/orders,1255,500
2025-12-01T16:17:59Z,API_RESPONSE,/api/orders,1147,200
2025-12-01T16:18:09Z,API_RESPONSE,/api/login,340,200
2025-12-01T16:18:49Z,API_RESPONSE,/api/cart,563,200
2025-12-01T16:19:26Z,API_RESPONSE,/api/products,358,200
2025-12-01T16:19:54Z,API_RESPONSE,/api/orders,1096,500
2025-12-01T16:20:08Z,API_RESPONSE,/api/login,863,200
2025-12-01T16:20:13Z,API_RESPONSE,/api/products,1291,200
2025-12-01T16:20:45Z,API_RESPONSE,/api/login,899,200
2025-12-01T16:21:03Z,API_RESPONSE,/api/login,235,503
2025-12-01T16:21:19Z,API_RESPONSE,/api/login,929,200
2025-12-01T16:21:48Z,API_RESPONSE,/api/products,1414,200
2025-12-01T16:21:54Z,API_RESPONSE,/api/products,859,200
2025-12-01T16:22:24Z,API_RESPONSE,/api/cart,349,500
2025-12-01T16:22:46Z,API_RESPONSE,/api/login,1086,503
2025-12-01T16:23:12Z,API_RESPONSE,/api/orders,1372,200
2025-12-01T16:23:19Z,API_RESPONSE,/api/orders,219,200
2025-12-01T16:23:29Z,API_RESPONSE,/api/login,434,500
2025-12-01T16:23:37Z,API_RESPONSE,/api/login,304,200
2025-12-01T16:24:17Z,API_RESPONSE,/api/login,499,200
2025-12-01T16:24:35Z,API_RESPONSE,/api/cart,144,200
2025-12-01T16:24:44Z,API_RESPONSE,/api/products,1488,503
2025-12-01T16:25:08Z,API_RESPONSE,/api/orders,1317,200
2025-12-01T16:25:27Z,API_RESPONSE,/api/products,1215,200
2025-12-01T16:25:51Z,API_RESPONSE,/api/products,1060,200
2025-12-01T16:26:30Z,API_RESPONSE,/api/orders,1484,500
2025-12-01T16:26:39Z,API_RESPONSE,/api/cart,1222,500
2025-12-01T16:26:45Z,API_RESPONSE,/api/login,211,200
2025-12-01T16:27:02Z,API_RESPONSE,/api/products,450,200
2025-12-01T16:27:18Z,API_RESPONSE,/api/products,578,200
2025-12-01T16:27:51Z,API_RESPONSE,/api/orders,696,500
2025-12-01T16:27:57Z,API_RESPONSE,/api/products,971,200
2025-12-01T16:28:22Z,API_RESPONSE,/api/cart,1326,200
2025-12-01T16:28:58Z,API_RESPONSE,/api/orders,1266,200
2025-12-01T16:29:22Z,API_RESPONSE,/api/cart,455,200
2025-12-01T16:29:43Z,API_RESPONSE,/api/orders,257,200
2025-12-01T16:30:16Z,API_RESPONSE,/api/cart,1487,200
2025-12-01T16:30:38Z,API_RESPONSE,/api/products,506,503
2025-12-01T16:31:03Z,API_RESPONSE,/api/products,683,200
2025-12-01T16:31:17Z,API_RESPONSE,/api/cart,1127,500
2025-12-01T16:31:27Z,API_RESPONSE,/api/cart,1054,503
2025-12-01T16:32:06Z,API_RESPONSE,/api/orders,755,200
2025-12-01T16:32:41Z,API_RESPONSE,/api/orders,288,503
2025-12-01T16:32:49Z,API_RESPONSE,/api/products,904,200
2025-12-01T16:32:59Z,API_RESPONSE,/api/login,1452,503
2025-12-01T16:33:15Z,API_RESPONSE,/api/login,58,200
2025-12-01T16:33:26Z,API_RESPONSE,/api/orders,848,200
2025-12-01T16:33:38Z,API_RESPONSE,/api/orders,750,500
2025-12-01T16:34:01Z,API_RESPONSE,/api/orders,1133,503
2025-12-01T16:34:20Z,API_RESPONSE,/api/products,642,200
2025-12-01T16:34:26Z,API_RESPONSE,/api/products,607,200
2025-12-01T16:34:59Z,API_RESPONSE,/api/login,895,500
2025-12-01T16:35:28Z,API_RESPONSE,/api/login,413,200
2025-12-01T16:36:06Z,API_RESPONSE,/api/cart,852,500
2025-12-01T16:36:26Z,API_RESPONSE,/api/cart,766,503
2025-12-01T16:36:57Z,API_RESPONSE,/api/cart,1343,500
2025-12-01T16:37:06Z,API_RESPONSE,/api/cart,469,200
2025-12-01T16:37:42Z,API_RESPONSE,/api/login,453,503
2025-12-01T16:38:11Z,API_RESPONSE,/api/cart,130,200
2025-12-01T16:38:47Z,API_RESPONSE,/api/orders,511,200
2025-12-01T16:38:55Z,API_RESPONSE,/api/cart,780,200
2025-12-01T16:39:31Z,API_RESPONSE,/api/products,467,500
2025-12-01T16:39:36Z,API_RESPONSE,/api/orders,691,200
2025-12-01T16:40:04Z,API_RESPONSE,/api/orders,1275,503
2025-12-01T16:40:09Z,API_RESPONSE,/api/login,1440,500
2025-12-01T16:40:47Z,API_RESPONSE,/api/login,1207,500
2025-12-01T16:41:26Z,API_RESPONSE,/api/orders,1372,503
2025-12-01T16:41:50Z,API_RESPONSE,/api/products,405,200
2025-12-01T16:42:17Z,API_RESPONSE,/api/products,865,200
2025-12-01T16:42:40Z,API_RESPONSE,/api/login,108,503
2025-12-01T16:43:16Z,API_RESPONSE,/api/cart,693,500
2025-12-01T16:43:27Z,API_RESPONSE,/api/orders,130,200
2025-12-01T16:43:51Z,API_RESPONSE,/api/login,1469,500
2025-12-01T16:43:56Z,API_RESPONSE,/api/orders,239,200
2025-12-01T16:44:26Z,API_RESPONSE,/api/orders,743,200
2025-12-01T16:44:32Z,API_RESPONSE,/api/orders,1078,200
2025-12-01T16:44:55Z,API_RESPONSE,/api/cart,1241,200
2025-12-01T16:45:12Z,API_RESPONSE,/api/products,1466,200
2025-12-01T16:45:46Z,API_RESPONSE,/api/login,402,500
2025-12-01T16:46:26Z,API_RESPONSE,/api/products,453,503
2025-12-01T16:46:37Z,API_RESPONSE,/api/cart,380,500
2025-12-01T16:46:48Z,API_RESPONSE,/api/login,487,503
2025-12-01T16:46:59Z,API_RESPONSE,/api/orders,1377,200
2025-12-01T16:47:33Z,API_RESPONSE,/api/products,1010,500
2025-12-01T16:47:49Z,API_RESPONSE,/api/cart,958,200
2025-12-01T16:48:20Z,API_RESPONSE,/api/cart,1465,200
2025-12-01T16:48:48Z,API_RESPONSE,/api/products,1279,200
2025-12-01T16:49:11Z,API_RESPONSE,/api/orders,457,200
2025-12-01T16:49:42Z,API_RESPONSE,/api/products,235,200
2025-12-01T16:49:52Z,API_RESPONSE,/api/login,993,200
2025-12-01T16:50:10Z,API_RESPONSE,/api/login,1487,200
2025-12-01T16:50:34Z,API_RESPONSE,/api/products,1298,200
2025-12-01T16:50:48Z,API_RESPONSE,/api/login,1261,503
2025-12-01T16:51:01Z,API_RESPONSE,/api/cart,1268,200
2025-12-01T16:51:33Z,API_RESPONSE,/api/orders,347,500
2025-12-01T16:52:12Z,API_RESPONSE,/api/cart,139,200
2025-12-01T16:52:23Z,API_RESPONSE,/api/login,1331,200
2025-12-01T16:52:33Z,API_RESPONSE,/api/products,566,200
2025-12-01T16:53:08Z,API_RESPONSE,/api/products,341,503
2025-12-01T16:53:24Z,API_RESPONSE,/api/orders,1324,200
2025-12-01T16:53:31Z,API_RESPONSE,/api/products,193,200
2025-12-01T16:53:39Z,API_RESPONSE,/api/cart,749,500
2025-12-01T16:54:05Z,API_RESPONSE,/api/login,352,503
2025-12-01T16:54:20Z,API_RESPONSE,/api/login,787,200
2025-12-01T16:54:56Z,API_RESPONSE,/api/orders,1396,200
2025-12-01T16:55:30Z,API_RESPONSE,/api/products,1028,503
2025-12-01T16:55:57Z,API_RESPONSE,/api/cart,107,503
2025-12-01T16:56:15Z,API_RESPONSE,/api/login,1351,200
2025-12-01T16:56:51Z,API_RESPONSE,/api/products,1075,200
2025-12-01T16:57:02Z,API_RESPONSE,/api/products,752,500
2025-12-01T16:57:24Z,API_RESPONSE,/api/products,322,200
2025-12-01T16:57:50Z,API_RESPONSE,/api/orders,1034,500
2025-12-01T16:57:57Z,API_RESPONSE,/api/products,379,200
2025-12-01T16:58:28Z,API_RESPONSE,/api/cart,582,500
2025-12-01T16:59:01Z,API_RESPONSE,/api/products,785,500
2025-12-01T16:59:27Z,API_RESPONSE,/api/products,1199,503
2025-12-01T16:59:55Z,API_RESPONSE,/api/cart,1383,500
2025-12-01T17:00:09Z,API_RESPONSE,/api/cart,1063,503
2025-12-01T17:00:45Z,API_RESPONSE,/api/cart,1087,503
2025-12-01T17:01:22Z,API_RESPONSE,/api/orders,1228,200
2025-12-01T17:01:37Z,API_RESPONSE,/api/products,300,200
2025-12-01T17:02:00Z,API_RESPONSE,/api/login,982,503
2025-12-01T17:02:07Z,API_RESPONSE,/api/products,258,200
2025-12-01T17:02:25Z,API_RESPONSE,/api/cart,51,200
2025-12-01T17:02:42Z,API_RESPONSE,/api/cart,1225,200
2025-12-01T17:03:18Z,API_RESPONSE,/api/products,156,200
2025-12-01T17:03:29Z,API_RESPONSE,/api/orders,470,503
2025-12-01T17:03:59Z,API_RESPONSE,/api/cart,738,200
2025-12-01T17:04:21Z,API_RESPONSE,/api/orders,1431,500
2025-12-01T17:04:28Z,API_RESPONSE,/api/login,1353,200
2025-12-01T17:05:00Z,API_RESPONSE,/api/login,1087,200
2025-12-01T17:05:35Z,API_RESPONSE,/api/login,651,200
2025-12-01T17:05:46Z,API_RESPONSE,/api/cart,1262,200
2025-12-01T17:06:03Z,API_RESPONSE,/api/orders,408,500
2025-12-01T17:06:26Z,API_RESPONSE,/api/cart,641,200
2025-12-01T17:06:50Z,API_RESPONSE,/api/orders,1445,200
2025-12-01T17:07:19Z,API_RESPONSE,/api/cart,712,500
2025-12-01T17:07:40Z,API_RESPONSE,/api/orders,357,200
2025-12-01T17:07:57Z,API_RESPONSE,/api/products,894,500
2025-12-01T17:08:15Z,API_RESPONSE,/api/products,1437,200
2025-12-01T17:08:34Z,API_RESPONSE,/api/cart,777,500
2025-12-01T17:08:50Z,API_RESPONSE,/api/products,1246,200
2025-12-01T17:08:56Z,API_RESPONSE,/api/login,180,200
2025-12-01T17:09:24Z,API_RESPONSE,/api/orders,1403,500
2025-12-01T17:09:54Z,API_RESPONSE,/api/cart,305,200
2025-12-01T17:10:22Z,API_RESPONSE,/api/cart,869,500
2025-12-01T17:10:35Z,API_RESPONSE,/api/login,769,200
2025-12-01T17:11:15Z,API_RESPONSE,/api/products,753,503
2025-12-01T17:11:40Z,API_RESPONSE,/api/orders,525,200
2025-12-01T17:12:03Z,API_RESPONSE,/api/login,1040,503
2025-12-01T17:12:29Z,API_RESPONSE,/api/cart,832,200
2025-12-01T17:12:44Z,API_RESPONSE,/api/cart,553,500
2025-12-01T17:13:17Z,API_RESPONSE,/api/login,1077,200
2025-12-01T17:13:57Z,API_RESPONSE,/api/login,568,200
2025-12-01T17:14:12Z,API_RESPONSE,/api/cart,561,500
2025-12-01T17:14:33Z,API_RESPONSE,/api/login,1164,200
2025-12-01T17:15:04Z,API_RESPONSE,/api/orders,677,200
2025-12-01T17:15:31Z,API_RESPONSE,/api/cart,370,200
2025-12-01T17:15:36Z,API_RESPONSE,/api/products,1433,200
2025-12-01T17:15:55Z,API_RESPONSE,/api/orders,1092,500
2025-12-01T17:16:02Z,API_RESPONSE,/api/login,962,200
2025-12-01T17:16:10Z,API_RESPONSE,/api/orders,172,503
2025-12-01T17:16:40Z,API_RESPONSE,/api/orders,659,503
2025-12-01T17:17:08Z,API_RESPONSE,/api/orders,392,200
2025-12-01T17:17:33Z,API_RESPONSE,/api/orders,694,200
2025-12-01T17:17:54Z,API_RESPONSE,/api/cart,325,503
2025-12-01T17:18:30Z,API_RESPONSE,/api/login,339,200
2025-12-01T17:18:40Z,API_RESPONSE,/api/orders,275,503
2025-12-01T17:18:57Z,API_RESPONSE,/api/orders,1442,200
2025-12-01T17:19:36Z,API_RESPONSE,/api/products,1461,500
2025-12-01T17:19:53Z,API_RESPONSE,/api/products,1174,200
2025-12-01T17:20:26Z,API_RESPONSE,/api/login,188,500
2025-12-01T17:20:41Z,API_RESPONSE,/api/products,976,503
2025-12-01T17:20:56Z,API_RESPONSE,/api/orders,213,200
2025-12-01T17:21:07Z,API_RESPONSE,/api/products,930,200
2025-12-01T17:21:24Z,API_RESPONSE,/api/orders,783,500
2025-12-01T17:22:04Z,API_RESPONSE,/api/orders,363,200
2025-12-01T17:22:13Z,API_RESPONSE,/api/orders,268,200
2025-12-01T17:22:51Z,API_RESPONSE,/api/orders,1140,200
2025-12-01T17:23:08Z,API_RESPONSE,/api/cart,776,503
2025-12-01T17:23:14Z,API_RESPONSE,/api/products,222,500
2025-12-01T17:23:53Z,API_RESPONSE,/api/login,413,503
2025-12-01T17:24:18Z,API_RESPONSE,/api/cart,1383,200
2025-12-01T17:24:36Z,API_RESPONSE,/api/login,155,200
2025-12-01T17:24:44Z,API_RESPONSE,/api/login,243,503
2025-12-01T17:25:01Z,API_RESPONSE,/api/login,368,200
2025-12-01T17:25:17Z,API_RESPONSE,/api/cart,411,200
2025-12-01T17:25:57Z,API_RESPONSE,/api/products,89,200
2025-12-01T17:26:13Z,API_RESPONSE,/api/cart,231,503
2025-12-01T17:26:25Z,API_RESPONSE,/api/cart,928,500
2025-12-01T17:26:50Z,API_RESPONSE,/api/login,1426,200
2025-12-01T17:27:24Z,API_RESPONSE,/api/login,1048,200
2025-12-01T17:27:42Z,API_RESPONSE,/api/login,122,200
2025-12-01T17:27:49Z,API_RESPONSE,/api/cart,101,200
2025-12-01T17:28:24Z,API_RESPONSE,/api/login,1363,200
2025-12-01T17:28:56Z,API_RESPONSE,/api/orders,1264,200
2025-12-01T17:29:33Z,API_RESPONSE,/api/products,301,500
2025-12-01T17:30:02Z,API_RESPONSE,/api/orders,1136,200
2025-12-01T17:30:37Z,API_RESPONSE,/api/products,1087,200
2025-12-01T17:30:43Z,API_RESPONSE,/api/login,1252,200
2025-12-01T17:30:58Z,API_RESPONSE,/api/login,491,200
2025-12-01T17:31:33Z,API_RESPONSE,/api/cart,318,200
